<?xml version="1.0" encoding="UTF-8"?>
<metadata xml:lang="es"><Esri><CreaDate>20211129</CreaDate><CreaTime>11085100</CreaTime><ArcGISFormat>1.0</ArcGISFormat><SyncOnce>FALSE</SyncOnce><DataProperties><itemProps><itemName Sync="TRUE">Suspensión_de_libre_alumbramiento_Erase</itemName><imsContentType Sync="TRUE">002</imsContentType><itemLocation><linkage Sync="TRUE">file://\\CE0007W1141\C$\Cartografia\Coberturas_2021\Vedas_nov2021\Suspensión_de_libre_alumbramiento_Erase.shp</linkage><protocol Sync="TRUE">Local Area Network</protocol></itemLocation><itemSize Sync="TRUE">0.000</itemSize></itemProps><coordRef><type Sync="TRUE">Geographic</type><geogcsn Sync="TRUE">GCS_North_American_1927</geogcsn><csUnits Sync="TRUE">Angular Unit: Degree (0.017453)</csUnits><peXml Sync="TRUE">&lt;GeographicCoordinateSystem xsi:type='typens:GeographicCoordinateSystem' xmlns:xsi='http://www.w3.org/2001/XMLSchema-instance' xmlns:xs='http://www.w3.org/2001/XMLSchema' xmlns:typens='http://www.esri.com/schemas/ArcGIS/10.1'&gt;&lt;WKT&gt;GEOGCS[&amp;quot;GCS_North_American_1927&amp;quot;,DATUM[&amp;quot;D_North_American_1927&amp;quot;,SPHEROID[&amp;quot;Clarke_1866&amp;quot;,6378206.4,294.9786982]],PRIMEM[&amp;quot;Greenwich&amp;quot;,0.0],UNIT[&amp;quot;Degree&amp;quot;,0.0174532925199433],AUTHORITY[&amp;quot;EPSG&amp;quot;,4267]]&lt;/WKT&gt;&lt;XOrigin&gt;-400&lt;/XOrigin&gt;&lt;YOrigin&gt;-400&lt;/YOrigin&gt;&lt;XYScale&gt;11258999068426.238&lt;/XYScale&gt;&lt;ZOrigin&gt;-100000&lt;/ZOrigin&gt;&lt;ZScale&gt;10000&lt;/ZScale&gt;&lt;MOrigin&gt;-100000&lt;/MOrigin&gt;&lt;MScale&gt;10000&lt;/MScale&gt;&lt;XYTolerance&gt;8.9830550972891565e-009&lt;/XYTolerance&gt;&lt;ZTolerance&gt;0.001&lt;/ZTolerance&gt;&lt;MTolerance&gt;0.001&lt;/MTolerance&gt;&lt;HighPrecision&gt;true&lt;/HighPrecision&gt;&lt;LeftLongitude&gt;-180&lt;/LeftLongitude&gt;&lt;WKID&gt;4267&lt;/WKID&gt;&lt;LatestWKID&gt;4267&lt;/LatestWKID&gt;&lt;/GeographicCoordinateSystem&gt;</peXml></coordRef><lineage><Process ToolSource="c:\program files (x86)\arcgis\desktop10.8\ArcToolbox\Toolboxes\Conversion Tools.tbx\FeatureClassToFeatureClass" Date="20210429" Time="131147">FeatureClassToFeatureClass Orden2 C:\CONAGUA_2021\Cartografia\GDB_GAS\GDB_GAS.gdb\GAS_CONAGUA Ordenamientos_ASUB # "OBJECTID_1 "OBJECTID_1" true true false 9 Long 0 9 ,First,#,Orden2,OBJECTID_1,-1,-1;CLV_EDO "CLV_EDO" true true false 9 Long 0 9 ,First,#,Orden2,CLV_EDO,-1,-1;NOM_EDO "NOM_EDO" true true false 30 Text 0 0 ,First,#,Orden2,NOM_EDO,-1,-1;NOM_CORTO "NOM_CORTO" true true false 80 Text 0 0 ,First,#,Orden2,NOM_CORTO,-1,-1;NOM_OFI "NOM_OFI" true true false 250 Text 0 0 ,First,#,Orden2,NOM_OFI,-1,-1;FECHA_DOF "FECHA_DOF" true true false 10 Text 0 0 ,First,#,Orden2,FECHA_DOF,-1,-1;CLASIF "CLASIF" true true false 3 Text 0 0 ,First,#,Orden2,CLASIF,-1,-1;CLASIF_LEY "CLASIF_LEY" true true false 3 Text 0 0 ,First,#,Orden2,CLASIF_LEY,-1,-1;DES_CLASIF "DES_CLASIF" true true false 150 Text 0 0 ,First,#,Orden2,DES_CLASIF,-1,-1;DECRETO "DECRETO" true true false 18 Text 0 0 ,First,#,Orden2,DECRETO,-1,-1;CLV_ACUI "CLV_ACUI" true true false 4 Text 0 0 ,First,#,Orden2,CLV_ACUI,-1,-1;NOM_ACUI "NOM_ACUI" true true false 40 Text 0 0 ,First,#,Orden2,NOM_ACUI,-1,-1;OBSERVA "OBSERVA" true true false 50 Text 0 0 ,First,#,Orden2,OBSERVA,-1,-1;LINK_DOF "LINK_DOF" true true false 254 Text 0 0 ,First,#,Orden2,LINK_DOF,-1,-1" #</Process><Process ToolSource="c:\program files (x86)\arcgis\desktop10.8\ArcToolbox\Toolboxes\Data Management Tools.tbx\CalculateField" Date="20210429" Time="185718">CalculateField Acuerdo_General_Asub OBJECTID_1 [OBJECTID] VB #</Process><Process ToolSource="c:\program files (x86)\arcgis\desktop10.8\ArcToolbox\Toolboxes\Data Management Tools.tbx\CalculateField" Date="20210429" Time="190021">CalculateField Acuerdo_General_Asub OBSERVA "S/O" VB #</Process><Process ToolSource="c:\program files (x86)\arcgis\desktop10.2\ArcToolbox\Toolboxes\Data Management Tools.tbx\CalculateField" Date="20210610" Time="093433">CalculateField Suspensión_de_libre_alumbramiento LINK_DOF "https://sigagis.conagua.gob.mx/doc/ACG_175_5abr13" VB #</Process><Process ToolSource="c:\program files (x86)\arcgis\desktop10.2\ArcToolbox\Toolboxes\Data Management Tools.tbx\CalculateField" Date="20210610" Time="093619">CalculateField Suspensión_de_libre_alumbramiento LINK_DOF "https://sigagis.conagua.gob.mx/doc/ACG_175_5abr13" VB #</Process><Process ToolSource="c:\program files (x86)\arcgis\desktop10.2\ArcToolbox\Toolboxes\Data Management Tools.tbx\CalculateField" Date="20210610" Time="094453">CalculateField Suspensión_de_libre_alumbramiento LINK_DOF "https://sigagis.conagua.gob.mx/doc/ACG_96_5abr13" VB #</Process><Process ToolSource="c:\program files (x86)\arcgis\desktop10.2\ArcToolbox\Toolboxes\Data Management Tools.tbx\CalculateField" Date="20210610" Time="094625">CalculateField Suspensión_de_libre_alumbramiento LINK_DOF "https://sigagis.conagua.gob.mx/doc/ACG_21_5abr13" VB #</Process><Process ToolSource="c:\program files (x86)\arcgis\desktop10.8\ArcToolbox\Toolboxes\Data Management Tools.tbx\CalculateField" Date="20210618" Time="102402">CalculateField Suspensión_de_libre_alumbramiento LINK_DOF "https://sigagis.conagua.gob.mx/doc/ACG_175_5abr13" VB #</Process><Process ToolSource="c:\program files (x86)\arcgis\desktop10.8\ArcToolbox\Toolboxes\Data Management Tools.tbx\CalculateField" Date="20210618" Time="102517">CalculateField Suspensión_de_libre_alumbramiento LINK_DOF "https://sigagis.conagua.gob.mx/doc/ACG_18_5abr13" VB #</Process><Process ToolSource="c:\program files (x86)\arcgis\desktop10.8\ArcToolbox\Toolboxes\Data Management Tools.tbx\CalculateField" Date="20210618" Time="102641">CalculateField Suspensión_de_libre_alumbramiento LINK_DOF "https://sigagis.conagua.gob.mx/doc/ACG_7_5abr13" VB #</Process><Process ToolSource="c:\program files (x86)\arcgis\desktop10.8\ArcToolbox\Toolboxes\Data Management Tools.tbx\CalculateField" Date="20210618" Time="102832">CalculateField Suspensión_de_libre_alumbramiento LINK_DOF "https://sigagis.conagua.gob.mx/doc/ACG_3_5abr13" VB #</Process><Process ToolSource="c:\program files (x86)\arcgis\desktop10.8\ArcToolbox\Toolboxes\Data Management Tools.tbx\CalculateField" Date="20210618" Time="104046">CalculateField Suspensión_de_libre_alumbramiento LINK_DOF "https://sigagis.conagua.gob.mx/doc/sla/ACG_175_5abr13" VB #</Process><Process ToolSource="c:\program files (x86)\arcgis\desktop10.8\ArcToolbox\Toolboxes\Data Management Tools.tbx\CalculateField" Date="20210618" Time="104337">CalculateField Suspensión_de_libre_alumbramiento LINK_DOF "https://sigagis.conagua.gob.mx/doc/sla/ACG_96_5abr13" VB #</Process><Process ToolSource="c:\program files (x86)\arcgis\desktop10.2\ArcToolbox\Toolboxes\Data Management Tools.tbx\CalculateField" Date="20210622" Time="094453">CalculateField Suspensión_de_libre_alumbramiento LINK_DOF "https://sigagis.conagua.gob.mx/doc/sla/ACG_96_5abr13.pdf" VB #</Process><Process ToolSource="c:\program files (x86)\arcgis\desktop10.2\ArcToolbox\Toolboxes\Data Management Tools.tbx\CalculateField" Date="20210622" Time="094513">CalculateField Suspensión_de_libre_alumbramiento LINK_DOF "https://sigagis.conagua.gob.mx/doc/sla/ACG_96_5abr13.pdf" VB #</Process><Process ToolSource="c:\program files (x86)\arcgis\desktop10.2\ArcToolbox\Toolboxes\Data Management Tools.tbx\CalculateField" Date="20210622" Time="094521">CalculateField Suspensión_de_libre_alumbramiento LINK_DOF "https://sigagis.conagua.gob.mx/doc/sla/ACG_96_5abr13.pdf" VB #</Process><Process ToolSource="c:\program files (x86)\arcgis\desktop10.2\ArcToolbox\Toolboxes\Data Management Tools.tbx\CalculateField" Date="20210622" Time="094629">CalculateField Suspensión_de_libre_alumbramiento LINK_DOF "https://sigagis.conagua.gob.mx/doc/sla/ACG_175_5abr13.pdf" VB #</Process><Process ToolSource="c:\program files (x86)\arcgis\desktop10.2\ArcToolbox\Toolboxes\Data Management Tools.tbx\CalculateField" Date="20210622" Time="094707">CalculateField Suspensión_de_libre_alumbramiento LINK_DOF "https://sigagis.conagua.gob.mx/doc/sla/ACG_18_5abr13.pdf" VB #</Process><Process ToolSource="c:\program files (x86)\arcgis\desktop10.2\ArcToolbox\Toolboxes\Data Management Tools.tbx\CalculateField" Date="20210622" Time="094749">CalculateField Suspensión_de_libre_alumbramiento LINK_DOF "https://sigagis.conagua.gob.mx/doc/sla/ACG_21_5abr13.pdf" VB #</Process><Process ToolSource="c:\program files (x86)\arcgis\desktop10.2\ArcToolbox\Toolboxes\Data Management Tools.tbx\CalculateField" Date="20210622" Time="094820">CalculateField Suspensión_de_libre_alumbramiento LINK_DOF "https://sigagis.conagua.gob.mx/doc/sla/ACG_3_5abr13.pdf" VB #</Process><Process ToolSource="c:\program files (x86)\arcgis\desktop10.2\ArcToolbox\Toolboxes\Data Management Tools.tbx\CalculateField" Date="20210622" Time="094931">CalculateField Suspensión_de_libre_alumbramiento LINK_DOF "https://sigagis.conagua.gob.mx/doc/sla/ACG_96_5abr13.pdf" VB #</Process></lineage></DataProperties><SyncDate>20211124</SyncDate><SyncTime>16275700</SyncTime><ModDate>20211124</ModDate><ModTime>16275700</ModTime></Esri><dataIdInfo><envirDesc Sync="TRUE"> Version 6.2 (Build 9200) ; Esri ArcGIS 10.2.0.3348</envirDesc><dataLang><languageCode value="spa" Sync="TRUE"></languageCode><countryCode value="MEX" Sync="TRUE"></countryCode></dataLang><idCitation><resTitle Sync="TRUE">Suspensión_de_libre_alumbramiento_Erase</resTitle><presForm><PresFormCd value="005" Sync="TRUE"></PresFormCd></presForm></idCitation><spatRpType><SpatRepTypCd value="001" Sync="TRUE"></SpatRepTypCd></spatRpType></dataIdInfo><mdLang><languageCode value="spa" Sync="TRUE"></languageCode><countryCode value="MEX" Sync="TRUE"></countryCode></mdLang><distInfo><distFormat><formatName Sync="TRUE">Shapefile</formatName></distFormat><distTranOps><transSize Sync="TRUE">0.000</transSize></distTranOps></distInfo><mdHrLv><ScopeCd value="005" Sync="TRUE"></ScopeCd></mdHrLv><mdHrLvName Sync="TRUE">dataset</mdHrLvName><refSysInfo><RefSystem><refSysID><identCode code="4267" Sync="TRUE"></identCode><idCodeSpace Sync="TRUE">EPSG</idCodeSpace><idVersion Sync="TRUE">8.1.1</idVersion></refSysID></RefSystem></refSysInfo><spatRepInfo><VectSpatRep><geometObjs Name="Suspensión_de_libre_alumbramiento_Erase"><geoObjTyp><GeoObjTypCd value="002" Sync="TRUE"></GeoObjTypCd></geoObjTyp><geoObjCnt Sync="TRUE">0</geoObjCnt></geometObjs><topLvl><TopoLevCd value="001" Sync="TRUE"></TopoLevCd></topLvl></VectSpatRep></spatRepInfo><spdoinfo><ptvctinf><esriterm Name="Suspensión_de_libre_alumbramiento_Erase"><efeatyp Sync="TRUE">Simple</efeatyp><efeageom code="4" Sync="TRUE"></efeageom><esritopo Sync="TRUE">FALSE</esritopo><efeacnt Sync="TRUE">0</efeacnt><spindex Sync="TRUE">FALSE</spindex><linrefer Sync="TRUE">FALSE</linrefer></esriterm></ptvctinf></spdoinfo><eainfo><detailed Name="Suspensión_de_libre_alumbramiento_Erase"><enttyp><enttypl Sync="TRUE">Suspensión_de_libre_alumbramiento_Erase</enttypl><enttypt Sync="TRUE">Feature Class</enttypt><enttypc Sync="TRUE">0</enttypc></enttyp><attr><attrlabl Sync="TRUE">FID</attrlabl><attalias Sync="TRUE">FID</attalias><attrtype Sync="TRUE">OID</attrtype><attwidth Sync="TRUE">4</attwidth><atprecis Sync="TRUE">0</atprecis><attscale Sync="TRUE">0</attscale><attrdef Sync="TRUE">Internal feature number.</attrdef><attrdefs Sync="TRUE">Esri</attrdefs><attrdomv><udom Sync="TRUE">Sequential unique whole numbers that are automatically generated.</udom></attrdomv></attr><attr><attrlabl Sync="TRUE">OBJECTID</attrlabl><attalias Sync="TRUE">OBJECTID</attalias><attrtype Sync="TRUE">Integer</attrtype><attwidth Sync="TRUE">9</attwidth><atprecis Sync="TRUE">9</atprecis><attscale Sync="TRUE">0</attscale><attrdef Sync="TRUE">Internal feature number.</attrdef><attrdefs Sync="TRUE">Esri</attrdefs><attrdomv><udom Sync="TRUE">Sequential unique whole numbers that are automatically generated.</udom></attrdomv></attr><attr><attrlabl Sync="TRUE">Shape</attrlabl><attalias Sync="TRUE">Shape</attalias><attrtype Sync="TRUE">Geometry</attrtype><attwidth Sync="TRUE">0</attwidth><atprecis Sync="TRUE">0</atprecis><attscale Sync="TRUE">0</attscale><attrdef Sync="TRUE">Feature geometry.</attrdef><attrdefs Sync="TRUE">Esri</attrdefs><attrdomv><udom Sync="TRUE">Coordinates defining the features.</udom></attrdomv></attr><attr><attrlabl Sync="TRUE">OBJECTID_1</attrlabl><attalias Sync="TRUE">OBJECTID_1</attalias><attrtype Sync="TRUE">Integer</attrtype><attwidth Sync="TRUE">9</attwidth><atprecis Sync="TRUE">9</atprecis><attscale Sync="TRUE">0</attscale></attr><attr><attrlabl Sync="TRUE">CLV_EDO</attrlabl><attalias Sync="TRUE">CLV_EDO</attalias><attrtype Sync="TRUE">Integer</attrtype><attwidth Sync="TRUE">9</attwidth><atprecis Sync="TRUE">9</atprecis><attscale Sync="TRUE">0</attscale></attr><attr><attrlabl Sync="TRUE">NOM_EDO</attrlabl><attalias Sync="TRUE">NOM_EDO</attalias><attrtype Sync="TRUE">String</attrtype><attwidth Sync="TRUE">30</attwidth><atprecis Sync="TRUE">0</atprecis><attscale Sync="TRUE">0</attscale></attr><attr><attrlabl Sync="TRUE">NOM_CORTO</attrlabl><attalias Sync="TRUE">NOM_CORTO</attalias><attrtype Sync="TRUE">String</attrtype><attwidth Sync="TRUE">80</attwidth><atprecis Sync="TRUE">0</atprecis><attscale Sync="TRUE">0</attscale></attr><attr><attrlabl Sync="TRUE">NOM_OFI</attrlabl><attalias Sync="TRUE">NOM_OFI</attalias><attrtype Sync="TRUE">String</attrtype><attwidth Sync="TRUE">250</attwidth><atprecis Sync="TRUE">0</atprecis><attscale Sync="TRUE">0</attscale></attr><attr><attrlabl Sync="TRUE">FECHA_DOF</attrlabl><attalias Sync="TRUE">FECHA_DOF</attalias><attrtype Sync="TRUE">String</attrtype><attwidth Sync="TRUE">10</attwidth><atprecis Sync="TRUE">0</atprecis><attscale Sync="TRUE">0</attscale></attr><attr><attrlabl Sync="TRUE">DES_CLASIF</attrlabl><attalias Sync="TRUE">DES_CLASIF</attalias><attrtype Sync="TRUE">String</attrtype><attwidth Sync="TRUE">150</attwidth><atprecis Sync="TRUE">0</atprecis><attscale Sync="TRUE">0</attscale></attr><attr><attrlabl Sync="TRUE">DECRETO</attrlabl><attalias Sync="TRUE">DECRETO</attalias><attrtype Sync="TRUE">String</attrtype><attwidth Sync="TRUE">18</attwidth><atprecis Sync="TRUE">0</atprecis><attscale Sync="TRUE">0</attscale></attr><attr><attrlabl Sync="TRUE">CLV_ACUI</attrlabl><attalias Sync="TRUE">CLV_ACUI</attalias><attrtype Sync="TRUE">String</attrtype><attwidth Sync="TRUE">4</attwidth><atprecis Sync="TRUE">0</atprecis><attscale Sync="TRUE">0</attscale></attr><attr><attrlabl Sync="TRUE">NOM_ACUI</attrlabl><attalias Sync="TRUE">NOM_ACUI</attalias><attrtype Sync="TRUE">String</attrtype><attwidth Sync="TRUE">40</attwidth><atprecis Sync="TRUE">0</atprecis><attscale Sync="TRUE">0</attscale></attr><attr><attrlabl Sync="TRUE">LINK_DOF</attrlabl><attalias Sync="TRUE">LINK_DOF</attalias><attrtype Sync="TRUE">String</attrtype><attwidth Sync="TRUE">254</attwidth><atprecis Sync="TRUE">0</atprecis><attscale Sync="TRUE">0</attscale></attr><attr><attrlabl Sync="TRUE">Id</attrlabl><attalias Sync="TRUE">Id</attalias><attrtype Sync="TRUE">Integer</attrtype><attwidth Sync="TRUE">9</attwidth><atprecis Sync="TRUE">9</atprecis><attscale Sync="TRUE">0</attscale></attr><attr><attrlabl Sync="TRUE">Shape_Leng</attrlabl><attalias Sync="TRUE">Shape_Leng</attalias><attrtype Sync="TRUE">Double</attrtype><attwidth Sync="TRUE">19</attwidth><atprecis Sync="TRUE">0</atprecis><attscale Sync="TRUE">0</attscale></attr><attr><attrlabl Sync="TRUE">Shape_Area</attrlabl><attalias Sync="TRUE">Shape_Area</attalias><attrtype Sync="TRUE">Double</attrtype><attwidth Sync="TRUE">19</attwidth><atprecis Sync="TRUE">0</atprecis><attscale Sync="TRUE">0</attscale><attrdef Sync="TRUE">Area of feature in internal units squared.</attrdef><attrdefs Sync="TRUE">Esri</attrdefs><attrdomv><udom Sync="TRUE">Positive real numbers that are automatically generated.</udom></attrdomv></attr></detailed></eainfo><mdDateSt Sync="TRUE">20211124</mdDateSt><mdChar><CharSetCd value="004" Sync="TRUE"></CharSetCd></mdChar></metadata>
