﻿<metadata>
  <idinfo>
    <citation>
      <citeinfo>
        <origin>M.C. Angélica Molina Maldonado., Comisión Nacional del Agua., Jefe de Proyecto de Ordenamiento de Acuíferos.</origin>
        <pubdate>20211125</pubdate>
        <title>Zonas con suspensión de libre alumbramiento en la República Mexicana.</title>
        <geoform>vector digital data</geoform>
      </citeinfo>
    </citation>
    <descript>
      <abstract>Representación grafica y espacial de zonas con suspensión de libre alumbramiento de agua subterránea en la República Mexicana.</abstract>
      <purpose>Contar con una representación gráfica y espacial de las zonas con suspensión de libre alumbramiento de agua subterránea que contribuya al manejo integrado y sustentable del recurso hídrico.</purpose>
      <supplinf>Abreviaturas:
CONAGUA - Comisión Nacional del Agua.
GAS - Gerencia de Aguas Subterráneas.
DOF - Diario Oficial de la Federación.
INEGI - Instituto Nacional de Estadística y Geografía.
SIGA - Subgerencia de información Geográfica del Agua.
SINA - Sistema Nacional de Información del Agua.

DEFINICIONES DE ORDENAMIENTOS DE ACUÍFEROS

El 20 de junio del 2011 se publicó en el Diario Oficial de la Federación la modificación del artículo 18 de la Ley de Aguas Nacionales, en el que se establece que las aguas nacionales del subsuelo podrán ser libremente alumbradas mediante obras artificiales, salvo cuando por causas de interés o utilidad pública el Titular del Ejecutivo Federal establezca zona reglamentada, de veda o de reserva o bien suspenda o limite provisionalmente el libre alumbramiento mediante Acuerdos de carácter general.

Se expedirán el reglamento para la extracción y para la explotación, uso o aprovechamiento de las aguas nacionales de los acuíferos correspondientes, incluyendo el establecimiento de zonas reglamentadas, así como los decretos para el establecimiento, modificación o supresión de zonas de veda o declaratorias de reserva que se requieran. La Ley de Aguas Nacionales establece las siguientes definiciones:

Zona reglamentada: Aquellas áreas específicas de los acuíferos, cuencas hidrológicas, o regiones hidrológicas, que por sus características de deterioro, desequilibrio hidrológico, riesgos o daños a cuerpos de agua o al medio ambiente, fragilidad de los ecosistemas vitales, sobreexplotación, así como para su reordenamiento y restauración, requieren un manejo hídrico específico para garantizar la sustentabilidad hidrológica.

Zona de reserva: Aquellas áreas específicas de los acuíferos, cuencas hidrológicas, o regiones hidrológicas, en las cuales se establecen limitaciones en la explotación, uso o aprovechamiento de una porción o la totalidad de las aguas disponibles, con la finalidad de prestar un servicio público,
implantar un programa de restauración, conservación o preservación o cuando el Estado resuelva
explotar dichas aguas por causa de utilidad pública.

Zona de veda: Aquellas áreas específicas de las regiones hidrológicas, cuencas hidrológicas o acuíferos, en las cuales no se autorizan aprovechamientos de agua adicionales a los establecidos
legalmente y éstos se controlan mediante reglamentos específicos, en virtud del deterioro del agua en cantidad o calidad, por la afectación a la sustentabilidad hidrológica, o por el daño a cuerpos de agua superficiales o subterráneos.

Los acuerdos de carácter general para suspender o limitar  provisionalmente el libre alumbramiento se expedirán en los siguientes casos:

I. Cuando de los estudios de disponibilidad de aguas nacionales arrojen que no existe disponibilidad del recurso hídrico o que la que existe es limitada;
II. Cuando de los datos contenidos en los estudios técnicos para el establecimiento de zonas reglamentadas, de veda o de reserva se desprenda la necesidad de suspender o limitar el libre alumbramiento de las aguas del subsuelo;
III. Cuando existan razones técnicas justificadas en estudios específicos de las que se desprenda la necesidad de suspender o limitar el libre alumbramiento de las aguas del subsuelo, y
IV. Cuando de los estudios técnicos específicos que realice o valide "la Comisión" se desprenda la
existencia de conos de abatimiento, interferencia de volumen o cualquier otro supuesto que pueda ocasionar afectaciones a terceros.</supplinf>
    </descript>
    <status>
      <progress>Complete</progress>
      <update>As needed</update>
    </status>
    <spdom>
      <bounding>
        <westbc>-110.001186</westbc>
        <eastbc>-86.789542</eastbc>
        <northbc>31.785046</northbc>
        <southbc>14.533694</southbc>
      </bounding>
    </spdom>
    <keywords>
      <theme>
        <themekt>None</themekt>
        <themekey>Aguas Subterráneas</themekey>
        <themekey>Aguas del Subsuelo</themekey>
        <themekey>Hidrología</themekey>
        <themekey>Geohidrología</themekey>
        <themekey>Ordenamientos para la extracción, explotación, uso y aprovechamiento de las aguas subterráneas</themekey>
        <themekey>Suspensión de libre alumbramiento</themekey>
      </theme>
      <place>
        <placekt>None</placekt>
        <placekey>República Mexicana</placekey>
        <placekey>México</placekey>
        <placekey>Estados Unidos Mexicanos</placekey>
        <placekey>Aguascalientes</placekey>
        <placekey>Baja California</placekey>
        <placekey>Baja California Sur</placekey>
        <placekey>Campeche</placekey>
        <placekey>Chiapas</placekey>
        <placekey>Chihuahua</placekey>
        <placekey>Coahuila de Zaragoza</placekey>
        <placekey>Colima</placekey>
        <placekey>Distrito Federal</placekey>
        <placekey>Durango</placekey>
        <placekey>Guanajuato</placekey>
        <placekey>Guerrero</placekey>
        <placekey>Hidalgo</placekey>
        <placekey>Jalisco</placekey>
        <placekey>Michoacán de Ocampo</placekey>
        <placekey>Morelos</placekey>
        <placekey>México</placekey>
        <placekey>Nayarit</placekey>
        <placekey>Nuevo León</placekey>
        <placekey>Oaxaca</placekey>
        <placekey>Puebla</placekey>
        <placekey>Querétaro Arteaga</placekey>
        <placekey>Quintana Roo</placekey>
        <placekey>San Luis Potosí</placekey>
        <placekey>Sinaloa</placekey>
        <placekey>Sonora</placekey>
        <placekey>Tabasco</placekey>
        <placekey>Tamaulipas</placekey>
        <placekey>Tlaxcala</placekey>
        <placekey>Veracruz de Ignacio de la Llave</placekey>
        <placekey>Yucatán</placekey>
        <placekey>Zacatecas</placekey>
      </place>
    </keywords>
    <accconst>None</accconst>
    <useconst>None</useconst>
    <datacred>M.I. María Mireya Figueroa De Jesús.- Integró en el año 2007 mucha de la información contenida en este metadato, así como proceso mucha de la información contenida en este shapefile. 
M.C. Angélica Molina Maldonado.- Procesamiento de la información desde el año 2011.</datacred>
    <native> Version 6.2 (Build 9200) ; Esri ArcGIS 10.2.0.3348</native>
  </idinfo>
  <spdoinfo>
    <direct>Vector</direct>
    <ptvctinf>
      <sdtsterm>
        <sdtstype>GT-polygon composed of chains</sdtstype>
        <ptvctcnt>331</ptvctcnt>
      </sdtsterm>
    </ptvctinf>
  </spdoinfo>
  <spref>
    <horizsys>
      <geograph>
        <latres>8.983152841195215e-009</latres>
        <longres>8.983152841195215e-009</longres>
        <geogunit>Decimal Degrees</geogunit>
      </geograph>
      <geodetic>
        <horizdn>D WGS 1984</horizdn>
        <ellips>WGS 1984</ellips>
        <semiaxis>6378137.0</semiaxis>
        <denflat>298.257223563</denflat>
      </geodetic>
    </horizsys>
  </spref>
  <eainfo>
    <detailed>
      <enttyp>
        <enttypl>Zonas con suspensión de libre alumbramiento en la República Mexicana</enttypl>
        <enttypd>Zonas con suspensión de libre alumbramiento en la República Mexicana</enttypd>
        <enttypds>CONAGUA</enttypds>
      </enttyp>
      <attr>
        <attrlabl>FID</attrlabl>
        <attrdef>Campo generado en el procesamiento de la información.</attrdef>
        <attrdefs>ESRI</attrdefs>
        <attrdomv>
          <udom>Sequential unique whole numbers that are automatically generated.</udom>
        </attrdomv>
        <attrmfrq>009</attrmfrq>
      </attr>
      <attr>
        <attrlabl>OBJECTID</attrlabl>
        <attrdef>Campo generado en el procesamiento de la información.</attrdef>
        <attrdefs>ESRI</attrdefs>
        <attrdomv>
          <udom>Sequential unique whole numbers that are automatically generated.</udom>
        </attrdomv>
        <attrmfrq>009</attrmfrq>
      </attr>
      <attr>
        <attrlabl>Shape</attrlabl>
        <attrdef>Campo generado en el procesamiento de la información.</attrdef>
        <attrdefs>ESRI</attrdefs>
        <attrdomv>
          <udom>Coordinates defining the features.</udom>
        </attrdomv>
        <attrmfrq>009</attrmfrq>
      </attr>
      <attr>
        <attrlabl>OBJECTID_1</attrlabl>
        <attrdef>Campo generado en el procesamiento de la información.</attrdef>
        <attrdefs>ESRI</attrdefs>
        <attrmfrq>009</attrmfrq>
      </attr>
      <attr>
        <attrlabl>CLV_EDO</attrlabl>
        <attrdef>Clave de la Entidad Federativa donde se ubica la zona de libre alumbramiento</attrdef>
        <attrdefs>CONAGUA</attrdefs>
        <attrmfrq>009</attrmfrq>
      </attr>
      <attr>
        <attrlabl>NOM_EDO</attrlabl>
        <attrdef>Nombre de la Entidad Federativa donde se ubica la zona de libre alumbramiento</attrdef>
        <attrdefs>CONAGUA</attrdefs>
        <attrmfrq>009</attrmfrq>
      </attr>
      <attr>
        <attrlabl>NOM_CORTO</attrlabl>
        <attrdef>Nombre corto del decreto.</attrdef>
        <attrdefs>CONAGUA</attrdefs>
      </attr>
      <attr>
        <attrlabl>NOM_OFI</attrlabl>
        <attrdef>Nombre oficial del decreto</attrdef>
        <attrdefs>DOF</attrdefs>
      </attr>
      <attr>
        <attrlabl>FECHA_DOF</attrlabl>
        <attrdef>Fecha de publicación del decreto</attrdef>
        <attrdefs>DOF</attrdefs>
      </attr>
      <attr>
        <attrlabl>DES_CLASIF</attrlabl>
        <attrdef>Clasificación del decreto</attrdef>
        <attrdefs>CONAGUA</attrdefs>
      </attr>
      <attr>
        <attrlabl>DECRETO</attrlabl>
        <attrdef>Tipo de Decreto</attrdef>
        <attrdefs>CONAGUA</attrdefs>
      </attr>
      <attr>
        <attrlabl>CLV_ACUI</attrlabl>
        <attrdef>Clave del Acuífero</attrdef>
        <attrdefs>CONAGUA</attrdefs>
      </attr>
      <attr>
        <attrlabl>NOM_ACUI</attrlabl>
        <attrdef>Nombre del Acuífero</attrdef>
        <attrdefs>CONAGUA</attrdefs>
      </attr>
      <attr>
        <attrlabl>LINK_DOF</attrlabl>
        <attrdef>URL de la información publicada en el DOF del decreto correspondiente</attrdef>
        <attrdefs>CONAGUA</attrdefs>
      </attr>
      <attr>
        <attrlabl>Id</attrlabl>
        <attrdef>Campo generado en el procesamiento de la información.</attrdef>
        <attrdefs>ESRI</attrdefs>
      </attr>
      <attr>
        <attrlabl>Shape_Leng</attrlabl>
        <attrdef>Campo generado en el procesamiento de la información.</attrdef>
        <attrdefs>ESRI</attrdefs>
      </attr>
      <attr>
        <attrlabl>Shape_Area</attrlabl>
        <attrdef>Campo generado en el procesamiento de la información.</attrdef>
        <attrdefs>ESRI</attrdefs>
        <attrdomv>
          <udom>Positive real numbers that are automatically generated.</udom>
        </attrdomv>
      </attr>
    </detailed>
  </eainfo>
  <metainfo>
    <metd>20220314</metd>
    <metc>
      <cntinfo>
        <cntorgp>
          <cntorg>Comisión Nacional del Agua.</cntorg>
          <cntper>Lic. Maria Elena del Carmen Lagos Santoyo.</cntper>
        </cntorgp>
        <cntpos>Jefe de Proyecto de Metadatos Geográficos del Agua.</cntpos>
      </cntinfo>
    </metc>
    <metstdn>FGDC Content Standard for Digital Geospatial Metadata</metstdn>
    <metstdv>FGDC-STD-001-1998</metstdv>
    <mettc>local time</mettc>
    <metuc>Podrá hacer uso de ésta información cualquier dependencia gubernamental, si no pertenece al gobierno, será necesario enviar un oficio de solicitud al Gerente de Aguas Subterráneas, Ing. Yolanda Moreno Hernández a la siguiente dirección Av. Insurgentes Sur #2416 piso 7 ala poniente, Col. Copilco El Bajo, c.p 04340 México, D.F o por vía correo electrónico a la dirección: yolanda.moreno@conagua.gob.mx.</metuc>
    <metsi>
      <metscs>Ley General de Transparencia y Acceso a la Información.</metscs>
      <metsc>Unclassified</metsc>
      <metshd>Toda la información generada, obtenida, adquirida, transformada o en posesión de los sujetos obligados es pública y accesible a cualquier persona en los términos y condiciones que se establezcan en la presente Ley, en los tratados internacionales de los que el Estado mexicano sea parte, la Ley Federal, las leyes de las Entidades Federativas y la normatividad aplicable en sus respectivas competencias; sólo podrá ser clasificada excepcionalmente como reservada temporalmente por razones de interés público y seguridad nacional, en los términos dispuestos por esta Ley.</metshd>
    </metsi>
  </metainfo>
</metadata>